Request_1,Request_2,Request_3,Request_4,Request_5,Request_6,Request_7,Request_8,Request_9,Request_10,Request_11,Request_12,Request_13,Request_14,Request_15,Request_16
356,361,377,934,1689,521,2461,1972,2549,3196,4100,431,5519,5518,5521,4414
371,405,385,5060,947,1624,2457,2010,893,3484,3599,430,5484,4389,4646,4413
385,387,380,932,1298,880,2460,1971,892,3192,523,3785,5515,5061,5402,4386
380,330,356,935,1313,1727,2462,2013,1739,3199,4116,432,5499,4417,4486,4998
376,409,371,962,962,1746,2459,1973,2503,3193,383,3808,4348,4336,5522,5293
457,50,358,878,1386,542,2466,2008,1738,3043,3605,3796,5516,4970,5400,4327
252,344,208,1313,1126,362,2614,1969,1267,3212,2903,2803,4810,5393,4763,5289
377,208,223,1384,961,934,2458,2497,2557,3211,4028,3798,5483,5405,4648,5546
358,512,360,1402,1262,592,2463,2009,2358,3191,4115,3066,5181,4337,5181,4420
384,348,331,879,874,3731,2567,2368,2553,3195,3596,3782,5406,5059,4346,5503
375,332,375,4339,1314,537,2093,2011,3207,4374,3382,4474,5402,4346,4342,5288
183,43,405,946,963,787,2562,2366,174,3197,4039,4373,4416,4653,5515,4993
453,225,409,1624,1734,878,2473,2369,1740,2167,3604,3761,5500,4334,5053,5270
440,358,384,4971,946,933,2467,2371,267,4354,4118,3383,4970,5495,4644,5271
50,474,376,1403,1399,1284,2476,2498,2417,4380,2834,3762,4346,4348,4416,5402
372,328,381,1156,1151,1600,2468,1970,2556,4379,2823,3511,4994,4649,5484,5393
290,26,53,1126,934,1254,520,2006,1265,3200,51,3387,4329,5060,5500,4390
444,385,379,1386,1696,428,2464,2012,1254,4375,2905,4382,4390,4800,5519,5290
381,356,470,866,869,1253,2621,2373,2260,2895,3603,3806,4832,4971,5516,4984
362,333,387,937,1240,551,2501,1991,2253,3202,3291,3810,5176,5397,4348,5397
284,360,346,1125,1394,173,2159,2465,2550,2166,2822,3529,5485,5406,5397,4415
398,345,24,944,1396,3202,2470,1987,268,4376,4042,3760,5182,4972,4994,5395
360,243,252,964,1254,2502,2474,2126,3206,4383,2906,3779,4801,4335,4841,5272
359,375,398,1390,1146,3433,2152,2127,2320,4355,431,2735,4834,4327,5398,4417
501,222,40,1130,866,1261,1388,2370,3666,3207,3314,4364,5073,5486,4389,5512
512,380,43,880,1284,3140,2095,2314,963,4353,459,3390,4646,4339,5393,5514
177,252,512,1124,933,784,2469,3047,1735,3046,2828,3802,5449,4329,4654,5544
296,371,44,1740,1121,2505,2465,1741,2331,2901,4027,325,4800,5053,4837,5053
387,205,237,947,1698,3733,534,2005,2093,3042,2108,3510,4341,4414,4800,4388
450,166,372,1154,897,2419,2181,2529,1314,2093,2840,4404,4332,4648,5290,4994
24,223,453,1261,852,879,2154,1992,2322,3201,2838,3809,4644,4386,5496,5280
208,241,334,1625,2502,866,1262,2530,3202,3213,2908,3786,4389,5058,5483,4348
223,376,397,894,1674,540,1734,2094,396,3206,4044,4379,4334,5492,4327,5269
222,53,245,4328,2461,944,1121,2413,377,3047,3317,3526,5054,5402,5514,5282
379,410,182,897,1263,1625,888,1975,3604,3208,2904,2751,5072,5291,4386,4997
357,24,207,1727,1148,2168,1127,2367,383,3489,2045,3386,5399,5494,5073,5406
43,372,457,933,1727,4961,946,1254,956,4351,3595,3528,5514,4813,4656,5449
172,329,236,1298,1384,785,2534,2476,254,4358,5517,383,4850,5398,4838,4940
40,388,436,1284,1740,1272,2613,2528,1736,4014,4064,4956,5496,4801,6020,4969
470,44,362,1155,454,1265,1386,2614,838,3486,3483,2838,5071,4799,5406,5283
166,207,26,3879,1683,174,1126,2125,3493,2159,2568,3530,5397,6022,4388,5479
205,296,388,965,1127,383,2166,2414,2473,4105,4016,3051,5490,4342,5449,5405
47,511,238,945,1694,897,2472,2623,4763,207,2833,2736,5447,4994,5060,4991
369,245,177,895,872,1698,2414,2108,2045,3188,2824,3055,4486,4940,4764,5277
286,384,283,1254,1155,1735,895,2004,399,4015,4043,4369,5055,4721,5520,5276
366,359,224,1296,895,1599,1314,2124,173,174,399,3804,5512,5516,4334,4335
238,206,440,1391,1129,881,965,2562,400,2168,395,4039,4386,4650,4390,4985
405,290,333,1389,1264,895,1970,2563,3209,2550,3493,3604,5059,4810,4329,5515
204,477,361,1127,49,863,2413,49,256,3203,480,4407,5521,5491,4655,4986
333,429,444,1122,1388,2320,963,2415,362,3209,4098,2900,5106,6016,4341,4970
365,236,225,863,1149,1390,4335,2093,395,3290,4415,3788,4837,4646,5293,4419
283,478,474,861,788,553,4337,2615,861,237,396,4418,5074,4328,5182,4389
331,522,490,5212,861,1130,2120,2531,2363,4359,3292,3388,4799,5512,4832,4975
197,284,232,1746,2505,363,2528,2613,2042,4382,2826,3384,5087,4644,5399,4968
225,45,222,963,4336,3209,1736,51,888,2169,3302,3597,5393,4415,4417,5478
181,381,284,3604,1265,3141,2048,2372,1264,2891,2127,3791,5053,5395,5499,5448
206,27,45,1396,878,3213,4336,3109,4656,3567,2254,3790,5103,6020,5517,4971
230,526,429,1387,2476,3382,874,2461,393,1736,460,3532,4388,4975,4991,5518
282,436,205,2902,965,875,2091,2509,3191,2614,2259,3598,4414,4811,5054,4336
231,476,407,1314,877,175,2623,2361,780,4349,2320,2753,5460,4709,4409,4418
